{"stats":{"minecraft:used":{"minecraft:dirt":5,"minecraft:crafting_table":3,"minecraft:furnace":2,"minecraft:stone_pickaxe":19,"minecraft:wooden_pickaxe":59},"minecraft:mined":{"minecraft:dirt":31,"minecraft:iron_ore":6,"minecraft:spruce_log":3,"minecraft:stone":72,"minecraft:crafting_table":2},"minecraft:crafted":{"minecraft:furnace":2,"minecraft:crafting_table":1,"minecraft:spruce_planks":12,"minecraft:stick":4,"minecraft:iron_ingot":1,"minecraft:stone_pickaxe":1,"minecraft:wooden_pickaxe":1},"minecraft:custom":{"minecraft:time_since_rest":9624,"minecraft:crouch_one_cm":39,"minecraft:interact_with_furnace":2,"minecraft:sprint_one_cm":1252,"minecraft:play_time":9624,"minecraft:damage_taken":40,"minecraft:walk_one_cm":54964,"minecraft:sneak_time":132,"minecraft:jump":58,"minecraft:damage_dealt":10,"minecraft:leave_game":3,"minecraft:time_since_death":9624,"minecraft:total_world_time":9624,"minecraft:interact_with_crafting_table":3,"minecraft:fall_one_cm":1155,"minecraft:fly_one_cm":2015},"minecraft:broken":{"minecraft:wooden_pickaxe":1},"minecraft:picked_up":{"minecraft:raw_iron":6,"minecraft:crafting_table":2,"minecraft:spruce_log":3,"minecraft:dirt":31,"minecraft:cobblestone":72}},"DataVersion":3465}