{"stats":{"minecraft:crafted":{"minecraft:stone_shovel":1,"minecraft:crafting_table":1,"minecraft:stick":8,"minecraft:wooden_pickaxe":1,"minecraft:stone_pickaxe":1,"minecraft:furnace":1,"minecraft:acacia_planks":12,"minecraft:stone_axe":1},"minecraft:used":{"minecraft:stone_pickaxe":59,"minecraft:stone_shovel":77,"minecraft:wooden_pickaxe":60,"minecraft:stone_axe":7,"minecraft:dirt":49,"minecraft:cobblestone":71,"minecraft:crafting_table":2,"minecraft:furnace":1},"minecraft:broken":{"minecraft:wooden_pickaxe":1},"minecraft:mined":{"minecraft:acacia_leaves":1,"minecraft:iron_ore":1,"minecraft:crafting_table":1,"minecraft:grass":40,"minecraft:acacia_log":8,"minecraft:grass_block":74,"minecraft:calcite":5,"minecraft:dirt":3,"minecraft:cobblestone":3,"minecraft:stone":85},"minecraft:custom":{"minecraft:time_since_rest":11227,"minecraft:interact_with_furnace":1,"minecraft:sprint_one_cm":11042,"minecraft:damage_taken":160,"minecraft:walk_one_cm":48537,"minecraft:interact_with_crafting_table":4,"minecraft:fly_one_cm":12088,"minecraft:crouch_one_cm":62,"minecraft:play_time":11227,"minecraft:sneak_time":111,"minecraft:jump":142,"minecraft:leave_game":1,"minecraft:walk_on_water_one_cm":1605,"minecraft:time_since_death":11227,"minecraft:total_world_time":11227,"minecraft:fall_one_cm":3532},"minecraft:picked_up":{"minecraft:raw_iron":1,"minecraft:crafting_table":1,"minecraft:acacia_log":8,"minecraft:dirt":76,"minecraft:wheat_seeds":7,"minecraft:calcite":5,"minecraft:cobblestone":88}},"DataVersion":3465}