{"stats":{"minecraft:picked_up":{"minecraft:raw_iron":1,"minecraft:crafting_table":1,"minecraft:spruce_log":3,"minecraft:dirt":4,"minecraft:cobblestone":48},"minecraft:crafted":{"minecraft:crafting_table":1,"minecraft:spruce_planks":12,"minecraft:stick":4,"minecraft:stone_pickaxe":1,"minecraft:wooden_pickaxe":1},"minecraft:mined":{"minecraft:dirt":4,"minecraft:iron_ore":1,"minecraft:spruce_log":3,"minecraft:stone":48,"minecraft:crafting_table":1},"minecraft:custom":{"minecraft:time_since_rest":4348,"minecraft:sprint_one_cm":1252,"minecraft:play_time":4348,"minecraft:damage_taken":40,"minecraft:walk_one_cm":8587,"minecraft:sneak_time":77,"minecraft:jump":13,"minecraft:damage_dealt":10,"minecraft:leave_game":2,"minecraft:time_since_death":4348,"minecraft:total_world_time":4348,"minecraft:fall_one_cm":1155,"minecraft:interact_with_crafting_table":2,"minecraft:fly_one_cm":2015},"minecraft:used":{"minecraft:crafting_table":2,"minecraft:stone_pickaxe":6,"minecraft:wooden_pickaxe":43}},"DataVersion":3465}